p_firstName,p_lastName,p_Aaddress1,p_Address2,p_State,p_Country,p_creditcard,p_zipcode
Jenny,Ashwath,Madhapur,Hyd,TS,IN,8774 6653 4436 9900,908567
Suma1,Jenny1,Hi-Tech City,Hyd1,TS,IN,9008 1153 7738 8376,768098
Suma2,Jenny2,Ameerpet,Hyd2,TS,IN,9009 1153 7738 8376,768098
Suma3,Jenny3,jublihills1,Hyd3,TS,IN,9010 1153 7738 8376,768098
Suma4,Jenny4,jublihills2,Hyd4,TS,IN,9011 1153 7738 8376,768098
Suma5,Jenny5,jublihills3,Hyd5,TS,IN,9012 1153 7738 8376,768098
Suma6,Jenny6,jublihills4,Hyd6,TS,IN,9013 1153 7738 8376,768098
Suma7,Jenny7,jublihills5,Hyd7,TS,IN,9014 1153 7738 8376,768098
Suma8,Jenny8,jublihills6,Hyd8,TS,IN,9015 1153 7738 8376,768098
Suma9,Jenny9,jublihills7,Hyd9,TS,IN,9016 1153 7738 8376,768098
Suma10,Jenny10,jublihills8,Hyd10,TS,IN,9017 1153 7738 8376,768098
Suma11,Jenny11,jublihills9,Hyd11,TS,IN,9018 1153 7738 8376,768098
Suma12,Jenny12,jublihills10,Hyd12,TS,IN,9019 1153 7738 8376,768098
Suma13,Jenny13,jublihills11,Hyd13,TS,IN,9020 1153 7738 8376,768098
Suma14,Jenny14,jublihills12,Hyd14,TS,IN,9021 1153 7738 8376,768098
Suma15,Jenny15,jublihills13,Hyd15,TS,IN,9022 1153 7738 8376,768098
Suma16,Jenny16,jublihills14,Hyd16,TS,IN,9023 1153 7738 8376,768098
Suma17,Jenny17,jublihills15,Hyd17,TS,IN,9024 1153 7738 8376,768098
Suma18,Jenny18,jublihills16,Hyd18,TS,IN,9025 1153 7738 8376,768098
Suma19,Jenny19,jublihills17,Hyd19,TS,IN,9026 1153 7738 8376,768098
